{
  "service.target": {
    "precision": 0.9760319573901465,
    "recall": 1.0,
    "f1-score": 0.9878706199460916,
    "support": 733,
    "confused_with": {}
  },
  "doctor.target": {
    "precision": 0.9908496732026144,
    "recall": 0.9960578186596584,
    "f1-score": 0.9934469200524246,
    "support": 761,
    "confused_with": {
      "doctor": 3
    }
  },
  "service": {
    "precision": 1.0,
    "recall": 0.9663865546218487,
    "f1-score": 0.9829059829059829,
    "support": 119,
    "confused_with": {
      "service.target": 4
    }
  },
  "doctor": {
    "precision": 0.9936305732484076,
    "recall": 0.9920508744038156,
    "f1-score": 0.9928400954653938,
    "support": 629,
    "confused_with": {
      "doctor.target": 5
    }
  },
  "micro avg": {
    "precision": 0.9871624612660469,
    "recall": 0.9946476360392507,
    "f1-score": 0.9908909131304156,
    "support": 2242
  },
  "macro avg": {
    "precision": 0.9901280509602921,
    "recall": 0.9886238119213306,
    "f1-score": 0.9892659045924732,
    "support": 2242
  },
  "weighted avg": {
    "precision": 0.9872710332950114,
    "recall": 0.9946476360392507,
    "f1-score": 0.9908940689535795,
    "support": 2242
  },
  "accuracy": 0.9984061555372356
}