{
  "contact_doctor": {
    "precision": 0.998,
    "recall": 0.998,
    "f1-score": 0.998,
    "support": 500,
    "confused_with": {
      "contact_service": 1
    }
  },
  "out_of_scope": {
    "precision": 1.0,
    "recall": 0.96,
    "f1-score": 0.9795918367346939,
    "support": 50,
    "confused_with": {
      "contact_service": 1,
      "contact_doctor": 1
    }
  },
  "contact_service": {
    "precision": 0.9960159362549801,
    "recall": 1.0,
    "f1-score": 0.998003992015968,
    "support": 500,
    "confused_with": {}
  },
  "accuracy": 0.9971428571428571,
  "macro avg": {
    "precision": 0.9980053120849934,
    "recall": 0.9860000000000001,
    "f1-score": 0.9918652762502207,
    "support": 1050
  },
  "weighted avg": {
    "precision": 0.9971504458357049,
    "recall": 0.9971428571428571,
    "f1-score": 0.997125321756875,
    "support": 1050
  },
  "micro avg": {
    "precision": 0.9971428571428571,
    "recall": 0.9971428571428571,
    "f1-score": 0.9971428571428571,
    "support": 1050
  }
}