{
  "contact_doctor": {
    "precision": 0.998003992015968,
    "recall": 1.0,
    "f1-score": 0.9990009990009989,
    "support": 500,
    "confused_with": {}
  },
  "contact_service": {
    "precision": 1.0,
    "recall": 1.0,
    "f1-score": 1.0,
    "support": 500,
    "confused_with": {}
  },
  "out_of_scope": {
    "precision": 1.0,
    "recall": 0.98,
    "f1-score": 0.98989898989899,
    "support": 50,
    "confused_with": {
      "contact_doctor": 1
    }
  },
  "accuracy": 0.9990476190476191,
  "macro avg": {
    "precision": 0.9993346640053226,
    "recall": 0.9933333333333333,
    "f1-score": 0.9962999962999963,
    "support": 1050
  },
  "weighted avg": {
    "precision": 0.9990495200076037,
    "recall": 0.9990476190476191,
    "f1-score": 0.9990432847575704,
    "support": 1050
  },
  "micro avg": {
    "precision": 0.9990476190476191,
    "recall": 0.9990476190476191,
    "f1-score": 0.9990476190476191,
    "support": 1050
  }
}