{
  "out_of_scope": {
    "precision": 0.5263157894736842,
    "recall": 0.46511627906976744,
    "f1-score": 0.49382716049382713,
    "support": 43,
    "confused_with": {
      "contact_doctor": 17,
      "contact_service": 6
    }
  },
  "contact_service": {
    "precision": 0.6862745098039216,
    "recall": 0.5072463768115942,
    "f1-score": 0.5833333333333334,
    "support": 69,
    "confused_with": {
      "out_of_scope": 17,
      "contact_doctor": 17
    }
  },
  "contact_doctor": {
    "precision": 0.6633663366336634,
    "recall": 0.8589743589743589,
    "f1-score": 0.7486033519553073,
    "support": 78,
    "confused_with": {
      "contact_service": 10,
      "out_of_scope": 1
    }
  },
  "accuracy": 0.6421052631578947,
  "macro avg": {
    "precision": 0.6253188786370898,
    "recall": 0.6104456716185735,
    "f1-score": 0.608587948594156,
    "support": 190
  },
  "weighted avg": {
    "precision": 0.6406689177961302,
    "recall": 0.6421052631578947,
    "f1-score": 0.6309243650197291,
    "support": 190
  },
  "micro avg": {
    "precision": 0.6421052631578947,
    "recall": 0.6421052631578947,
    "f1-score": 0.6421052631578947,
    "support": 190
  }
}