{
  "service.target": {
    "precision": 0.6111111111111112,
    "recall": 0.717391304347826,
    "f1-score": 0.6599999999999999,
    "support": 92,
    "confused_with": {}
  },
  "doctor": {
    "precision": 0.11764705882352941,
    "recall": 0.4,
    "f1-score": 0.1818181818181818,
    "support": 25,
    "confused_with": {
      "doctor.target": 10
    }
  },
  "service": {
    "precision": 0.7777777777777778,
    "recall": 0.15555555555555556,
    "f1-score": 0.25925925925925924,
    "support": 45,
    "confused_with": {
      "service.target": 30
    }
  },
  "doctor.target": {
    "precision": 0.6231884057971014,
    "recall": 0.48314606741573035,
    "f1-score": 0.5443037974683544,
    "support": 89,
    "confused_with": {
      "doctor": 38
    }
  },
  "micro avg": {
    "precision": 0.46494464944649444,
    "recall": 0.50199203187251,
    "f1-score": 0.4827586206896552,
    "support": 251
  },
  "macro avg": {
    "precision": 0.53243108837738,
    "recall": 0.439023231829778,
    "f1-score": 0.41134530963644883,
    "support": 251
  },
  "weighted avg": {
    "precision": 0.5961241705527988,
    "recall": 0.50199203187251,
    "f1-score": 0.49950262624225,
    "support": 251
  },
  "accuracy": 0.8939478067740144
}