{
  "out_of_scope": {
    "precision": 0.4918032786885246,
    "recall": 0.6976744186046512,
    "f1-score": 0.5769230769230769,
    "support": 43,
    "confused_with": {
      "contact_doctor": 9,
      "contact_service": 4
    }
  },
  "contact_doctor": {
    "precision": 0.64,
    "recall": 0.6153846153846154,
    "f1-score": 0.6274509803921569,
    "support": 78,
    "confused_with": {
      "contact_service": 20,
      "out_of_scope": 10
    }
  },
  "contact_service": {
    "precision": 0.5555555555555556,
    "recall": 0.43478260869565216,
    "f1-score": 0.4878048780487805,
    "support": 69,
    "confused_with": {
      "out_of_scope": 21,
      "contact_doctor": 18
    }
  },
  "accuracy": 0.5684210526315789,
  "macro avg": {
    "precision": 0.5624529447480268,
    "recall": 0.5826138808949729,
    "f1-score": 0.5640596451213381,
    "support": 190
  },
  "weighted avg": {
    "precision": 0.5757940753523153,
    "recall": 0.5684210526315789,
    "f1-score": 0.5653021334928757,
    "support": 190
  },
  "micro avg": {
    "precision": 0.5684210526315789,
    "recall": 0.5684210526315789,
    "f1-score": 0.5684210526315789,
    "support": 190
  }
}