{
  "contact_doctor": {
    "precision": 0.676056338028169,
    "recall": 0.6153846153846154,
    "f1-score": 0.6442953020134228,
    "support": 78,
    "confused_with": {
      "contact_service": 24,
      "out_of_scope": 6
    }
  },
  "out_of_scope": {
    "precision": 0.52,
    "recall": 0.6046511627906976,
    "f1-score": 0.5591397849462365,
    "support": 43,
    "confused_with": {
      "contact_doctor": 10,
      "contact_service": 7
    }
  },
  "contact_service": {
    "precision": 0.5507246376811594,
    "recall": 0.5507246376811594,
    "f1-score": 0.5507246376811594,
    "support": 69,
    "confused_with": {
      "out_of_scope": 18,
      "contact_doctor": 13
    }
  },
  "accuracy": 0.5894736842105263,
  "macro avg": {
    "precision": 0.5822603252364428,
    "recall": 0.5902534719521575,
    "f1-score": 0.5847199082136062,
    "support": 190
  },
  "weighted avg": {
    "precision": 0.595223128243143,
    "recall": 0.5894736842105263,
    "f1-score": 0.5910423384722903,
    "support": 190
  },
  "micro avg": {
    "precision": 0.5894736842105263,
    "recall": 0.5894736842105263,
    "f1-score": 0.5894736842105263,
    "support": 190
  }
}