{
  "doctor.target": {
    "precision": 0.9,
    "recall": 0.8988173455978975,
    "f1-score": 0.8994082840236686,
    "support": 761,
    "confused_with": {
      "doctor": 77
    }
  },
  "service": {
    "precision": 0.9680851063829787,
    "recall": 0.7647058823529411,
    "f1-score": 0.8544600938967135,
    "support": 119,
    "confused_with": {
      "service.target": 27
    }
  },
  "doctor": {
    "precision": 0.8322784810126582,
    "recall": 0.8362480127186009,
    "f1-score": 0.8342585249801744,
    "support": 629,
    "confused_with": {
      "doctor.target": 74
    }
  },
  "service.target": {
    "precision": 0.9605263157894737,
    "recall": 0.9959072305593452,
    "f1-score": 0.9778968519758875,
    "support": 733,
    "confused_with": {
      "service": 3
    }
  },
  "micro avg": {
    "precision": 0.9042742653606411,
    "recall": 0.9058876003568243,
    "f1-score": 0.9050802139037433,
    "support": 2242
  },
  "macro avg": {
    "precision": 0.9152224757962777,
    "recall": 0.8739196178071963,
    "f1-score": 0.891505938719111,
    "support": 2242
  },
  "weighted avg": {
    "precision": 0.9044028018243624,
    "recall": 0.9058876003568243,
    "f1-score": 0.9044056467558322,
    "support": 2242
  },
  "accuracy": 0.9865347622973344
}