{
  "out_of_scope": {
    "precision": 0.875,
    "recall": 0.98,
    "f1-score": 0.9245283018867924,
    "support": 50,
    "confused_with": {
      "contact_doctor": 1
    }
  },
  "contact_doctor": {
    "precision": 0.9979757085020243,
    "recall": 0.986,
    "f1-score": 0.9919517102615695,
    "support": 500,
    "confused_with": {
      "out_of_scope": 7
    }
  },
  "contact_service": {
    "precision": 1.0,
    "recall": 1.0,
    "f1-score": 1.0,
    "support": 500,
    "confused_with": {}
  },
  "accuracy": 0.9923809523809524,
  "macro avg": {
    "precision": 0.9576585695006748,
    "recall": 0.9886666666666667,
    "f1-score": 0.9721600040494539,
    "support": 1050
  },
  "weighted avg": {
    "precision": 0.9930836707152496,
    "recall": 0.9923809523809524,
    "f1-score": 0.9925735906905946,
    "support": 1050
  },
  "micro avg": {
    "precision": 0.9923809523809524,
    "recall": 0.9923809523809524,
    "f1-score": 0.9923809523809524,
    "support": 1050
  }
}