{
  "doctor": {
    "precision": 0.8055555555555556,
    "recall": 0.7435897435897436,
    "f1-score": 0.7733333333333334,
    "support": 39,
    "confused_with": {
      "service": 2
    }
  },
  "service": {
    "precision": 0.5151515151515151,
    "recall": 0.9444444444444444,
    "f1-score": 0.6666666666666666,
    "support": 54,
    "confused_with": {}
  },
  "micro avg": {
    "precision": 0.5925925925925926,
    "recall": 0.8602150537634409,
    "f1-score": 0.7017543859649121,
    "support": 93
  },
  "macro avg": {
    "precision": 0.6603535353535354,
    "recall": 0.844017094017094,
    "f1-score": 0.72,
    "support": 93
  },
  "weighted avg": {
    "precision": 0.6369338546757901,
    "recall": 0.8602150537634409,
    "f1-score": 0.7113978494623655,
    "support": 93
  },
  "accuracy": 0.8875638841567292
}