{
  "contact_doctor": {
    "precision": 1.0,
    "recall": 0.8620689655172413,
    "f1-score": 0.9259259259259259,
    "support": 29,
    "confused_with": {
      "contact_service": 4
    }
  },
  "contact_service": {
    "precision": 0.9,
    "recall": 1.0,
    "f1-score": 0.9473684210526316,
    "support": 36,
    "confused_with": {}
  },
  "accuracy": 0.9384615384615385,
  "macro avg": {
    "precision": 0.95,
    "recall": 0.9310344827586207,
    "f1-score": 0.9366471734892787,
    "support": 65
  },
  "weighted avg": {
    "precision": 0.9446153846153846,
    "recall": 0.9384615384615385,
    "f1-score": 0.9378017693807167,
    "support": 65
  },
  "micro avg": {
    "precision": 0.9384615384615385,
    "recall": 0.9384615384615385,
    "f1-score": 0.9384615384615385,
    "support": 65
  }
}