{
  "contact_doctor": {
    "precision": 1.0,
    "recall": 0.8387096774193549,
    "f1-score": 0.9122807017543859,
    "support": 31,
    "confused_with": {
      "contact_service": 5
    }
  },
  "contact_service": {
    "precision": 0.9,
    "recall": 1.0,
    "f1-score": 0.9473684210526316,
    "support": 45,
    "confused_with": {}
  },
  "accuracy": 0.9342105263157895,
  "macro avg": {
    "precision": 0.95,
    "recall": 0.9193548387096775,
    "f1-score": 0.9298245614035088,
    "support": 76
  },
  "weighted avg": {
    "precision": 0.9407894736842105,
    "recall": 0.9342105263157895,
    "f1-score": 0.933056325023084,
    "support": 76
  },
  "micro avg": {
    "precision": 0.9342105263157895,
    "recall": 0.9342105263157895,
    "f1-score": 0.9342105263157895,
    "support": 76
  }
}