{
  "contact_service/urgence": {
    "precision": 0.7142857142857143,
    "recall": 1.0,
    "f1-score": 0.8333333333333333,
    "support": 15,
    "confused_with": {}
  },
  "contact_service/pediatrie": {
    "precision": 1.0,
    "recall": 0.8666666666666667,
    "f1-score": 0.9285714285714286,
    "support": 15,
    "confused_with": {
      "contact_service/orl": 2
    }
  },
  "contact_doctor/belda_eric": {
    "precision": 0.7692307692307693,
    "recall": 0.6666666666666666,
    "f1-score": 0.7142857142857142,
    "support": 15,
    "confused_with": {
      "contact_doctor/benouaiche_laurence": 2,
      "contact_doctor/brunet_oceane": 1
    }
  },
  "contact_service/admissions": {
    "precision": 0.9285714285714286,
    "recall": 0.8666666666666667,
    "f1-score": 0.896551724137931,
    "support": 15,
    "confused_with": {
      "contact_service/accueil": 1,
      "contact_service/anesthesie": 1
    }
  },
  "contact_doctor/brun_magali": {
    "precision": 0.7692307692307693,
    "recall": 0.6666666666666666,
    "f1-score": 0.7142857142857142,
    "support": 15,
    "confused_with": {
      "contact_doctor/brun_laurent": 4,
      "contact_doctor/brunet_morgan": 1
    }
  },
  "contact_doctor/belmaghni_fatma": {
    "precision": 0.9285714285714286,
    "recall": 0.8666666666666667,
    "f1-score": 0.896551724137931,
    "support": 15,
    "confused_with": {
      "contact_doctor/allard_anne": 1,
      "contact_doctor/belda_eric": 1
    }
  },
  "contact_service/anesthesie": {
    "precision": 0.42857142857142855,
    "recall": 0.8,
    "f1-score": 0.5581395348837209,
    "support": 15,
    "confused_with": {
      "contact_service/scintigraphie": 2,
      "contact_service/chirurgie_de_la_main": 1
    }
  },
  "contact_service/angiographie": {
    "precision": 0.9375,
    "recall": 1.0,
    "f1-score": 0.967741935483871,
    "support": 15,
    "confused_with": {}
  },
  "contact_service/biomedical": {
    "precision": 1.0,
    "recall": 0.9333333333333333,
    "f1-score": 0.9655172413793104,
    "support": 15,
    "confused_with": {
      "contact_service/anesthesie": 1
    }
  },
  "contact_doctor/bensaid_cherazade": {
    "precision": 0.7894736842105263,
    "recall": 1.0,
    "f1-score": 0.8823529411764706,
    "support": 15,
    "confused_with": {}
  },
  "contact_service/oncologie": {
    "precision": 0.7368421052631579,
    "recall": 0.9333333333333333,
    "f1-score": 0.8235294117647058,
    "support": 15,
    "confused_with": {
      "contact_service/planification": 1
    }
  },
  "contact_doctor/bossi_philippe": {
    "precision": 0.9285714285714286,
    "recall": 0.8666666666666667,
    "f1-score": 0.896551724137931,
    "support": 15,
    "confused_with": {
      "contact_doctor/brunet_morgan": 1,
      "contact_doctor/blavier_benedicte": 1
    }
  },
  "contact_service/rythmologie": {
    "precision": 1.0,
    "recall": 1.0,
    "f1-score": 1.0,
    "support": 15,
    "confused_with": {}
  },
  "contact_service/chirurgie_viscerale": {
    "precision": 0.9166666666666666,
    "recall": 0.7333333333333333,
    "f1-score": 0.8148148148148148,
    "support": 15,
    "confused_with": {
      "contact_service/anesthesie": 3,
      "contact_service/angiographie": 1
    }
  },
  "contact_service/accueil": {
    "precision": 0.7058823529411765,
    "recall": 0.8,
    "f1-score": 0.7500000000000001,
    "support": 15,
    "confused_with": {
      "contact_service/angiologie": 1,
      "contact_service/stomatherapie": 1
    }
  },
  "contact_doctor/aristizabal_patrick": {
    "precision": 0.9230769230769231,
    "recall": 0.8,
    "f1-score": 0.8571428571428571,
    "support": 15,
    "confused_with": {
      "contact_doctor/belmaghni_fatma": 1,
      "contact_doctor/allard_anne": 1
    }
  },
  "contact_service/planification": {
    "precision": 0.9166666666666666,
    "recall": 0.7333333333333333,
    "f1-score": 0.8148148148148148,
    "support": 15,
    "confused_with": {
      "contact_service/anesthesie": 2,
      "contact_service/chirurgie_vasculaire": 1
    }
  },
  "contact_doctor/becherel_pierre_andre": {
    "precision": 0.7894736842105263,
    "recall": 1.0,
    "f1-score": 0.8823529411764706,
    "support": 15,
    "confused_with": {}
  },
  "contact_service/scintigraphie": {
    "precision": 0.8125,
    "recall": 0.8666666666666667,
    "f1-score": 0.8387096774193549,
    "support": 15,
    "confused_with": {
      "contact_service/chirurgie_viscerale": 1,
      "contact_service/rhumatologie": 1
    }
  },
  "contact_doctor/cadot_bernard": {
    "precision": 0.8,
    "recall": 0.8,
    "f1-score": 0.8000000000000002,
    "support": 15,
    "confused_with": {
      "contact_doctor/brun_magali": 1,
      "contact_doctor/blavier_benedicte": 1
    }
  },
  "contact_doctor/aboucaya_jean_paul": {
    "precision": 0.9230769230769231,
    "recall": 0.8,
    "f1-score": 0.8571428571428571,
    "support": 15,
    "confused_with": {
      "contact_doctor/armandon_denis": 1,
      "contact_doctor/borie_herve": 1
    }
  },
  "contact_doctor/aboab_jennifer": {
    "precision": 0.8235294117647058,
    "recall": 0.9333333333333333,
    "f1-score": 0.8749999999999999,
    "support": 15,
    "confused_with": {
      "contact_doctor/borie_herve": 1
    }
  },
  "contact_doctor/brun_laurent": {
    "precision": 0.6923076923076923,
    "recall": 0.6,
    "f1-score": 0.6428571428571429,
    "support": 15,
    "confused_with": {
      "contact_doctor/bauer_bertrand": 2,
      "contact_doctor/aboab_jennifer": 1
    }
  },
  "contact_service/soins_ambulatoire": {
    "precision": 1.0,
    "recall": 1.0,
    "f1-score": 1.0,
    "support": 15,
    "confused_with": {}
  },
  "contact_doctor/allard_anne": {
    "precision": 0.8461538461538461,
    "recall": 0.7333333333333333,
    "f1-score": 0.7857142857142856,
    "support": 15,
    "confused_with": {
      "contact_doctor/alonso_enrique": 1,
      "contact_doctor/brunet_morgan": 1
    }
  },
  "contact_service/unite_de_soins_continus": {
    "precision": 1.0,
    "recall": 0.8666666666666667,
    "f1-score": 0.9285714285714286,
    "support": 15,
    "confused_with": {
      "contact_service/gastro_enterologie": 1,
      "contact_service/oncologie": 1
    }
  },
  "contact_service/sophrologie": {
    "precision": 0.7894736842105263,
    "recall": 1.0,
    "f1-score": 0.8823529411764706,
    "support": 15,
    "confused_with": {}
  },
  "contact_service/chirurgie_de_la_main": {
    "precision": 0.9285714285714286,
    "recall": 0.8666666666666667,
    "f1-score": 0.896551724137931,
    "support": 15,
    "confused_with": {
      "contact_service/anesthesie": 1,
      "contact_service/assistante_sociale": 1
    }
  },
  "contact_doctor/unknown": {
    "precision": 0.9791666666666666,
    "recall": 0.94,
    "f1-score": 0.9591836734693877,
    "support": 50,
    "confused_with": {
      "contact_doctor/brunet_morgan": 1,
      "contact_doctor/borie_herve": 1
    }
  },
  "contact_doctor/boulet_stephane": {
    "precision": 0.8571428571428571,
    "recall": 0.8,
    "f1-score": 0.8275862068965518,
    "support": 15,
    "confused_with": {
      "contact_doctor/brunet_morgan": 1,
      "contact_doctor/belhassen_laurent": 1
    }
  },
  "contact_service/ophtalmologie": {
    "precision": 0.9285714285714286,
    "recall": 0.8666666666666667,
    "f1-score": 0.896551724137931,
    "support": 15,
    "confused_with": {
      "contact_service/gastro_enterologie": 1,
      "contact_service/rhumatologie": 1
    }
  },
  "contact_doctor/bauer_bertrand": {
    "precision": 0.7692307692307693,
    "recall": 0.6666666666666666,
    "f1-score": 0.7142857142857142,
    "support": 15,
    "confused_with": {
      "contact_doctor/aboab_jennifer": 1,
      "contact_doctor/brunet_oceane": 1
    }
  },
  "contact_doctor/benhamou_claude": {
    "precision": 0.7692307692307693,
    "recall": 0.6666666666666666,
    "f1-score": 0.7142857142857142,
    "support": 15,