{
  "contact_service": {
    "precision": 0.7758620689655172,
    "recall": 0.6521739130434783,
    "f1-score": 0.7086614173228347,
    "support": 69,
    "confused_with": {
      "out_of_scope": 12,
      "contact_doctor": 12
    }
  },
  "out_of_scope": {
    "precision": 0.5625,
    "recall": 0.4186046511627907,
    "f1-score": 0.48,
    "support": 43,
    "confused_with": {
      "contact_doctor": 16,
      "contact_service": 9
    }
  },
  "contact_doctor": {
    "precision": 0.72,
    "recall": 0.9230769230769231,
    "f1-score": 0.8089887640449438,
    "support": 78,
    "confused_with": {
      "contact_service": 4,
      "out_of_scope": 2
    }
  },
  "accuracy": 0.7105263157894737,
  "macro avg": {
    "precision": 0.6861206896551725,
    "recall": 0.664618495761064,
    "f1-score": 0.6658833937892595,
    "support": 190
  },
  "weighted avg": {
    "precision": 0.7046420145190563,
    "recall": 0.7105263157894737,
    "f1-score": 0.6980987441620063,
    "support": 190
  },
  "micro avg": {
    "precision": 0.7105263157894737,
    "recall": 0.7105263157894737,
    "f1-score": 0.7105263157894737,
    "support": 190
  }
}