{
  "service": {
    "precision": 0.7017543859649122,
    "recall": 0.7407407407407407,
    "f1-score": 0.7207207207207207,
    "support": 54,
    "confused_with": {
      "doctor": 10
    }
  },
  "doctor": {
    "precision": 0.5384615384615384,
    "recall": 0.5384615384615384,
    "f1-score": 0.5384615384615384,
    "support": 39,
    "confused_with": {
      "service": 2
    }
  },
  "micro avg": {
    "precision": 0.6354166666666666,
    "recall": 0.6559139784946236,
    "f1-score": 0.6455026455026455,
    "support": 93
  },
  "macro avg": {
    "precision": 0.6201079622132253,
    "recall": 0.6396011396011396,
    "f1-score": 0.6295911295911296,
    "support": 93
  },
  "weighted avg": {
    "precision": 0.633276740237691,
    "recall": 0.6559139784946236,
    "f1-score": 0.6442894507410637,
    "support": 93
  },
  "accuracy": 0.9162861491628614
}