{
  "service": {
    "precision": 0.7142857142857143,
    "recall": 0.7352941176470589,
    "f1-score": 0.7246376811594202,
    "support": 68,
    "confused_with": {
      "doctor": 10
    }
  },
  "doctor": {
    "precision": 0.48936170212765956,
    "recall": 0.5609756097560976,
    "f1-score": 0.5227272727272727,
    "support": 41,
    "confused_with": {
      "service": 2
    }
  },
  "micro avg": {
    "precision": 0.6239316239316239,
    "recall": 0.6697247706422018,
    "f1-score": 0.6460176991150443,
    "support": 109
  },
  "macro avg": {
    "precision": 0.601823708206687,
    "recall": 0.6481348637015782,
    "f1-score": 0.6236824769433464,
    "support": 109
  },
  "weighted avg": {
    "precision": 0.6296812693455286,
    "recall": 0.6697247706422018,
    "f1-score": 0.6486897293638417,
    "support": 109
  },
  "accuracy": 0.9088471849865952
}