{
  "contact_doctor": {
    "precision": 0.4634146341463415,
    "recall": 0.6551724137931034,
    "f1-score": 0.5428571428571429,
    "support": 29,
    "confused_with": {
      "contact_service": 10
    }
  },
  "contact_service": {
    "precision": 0.5833333333333334,
    "recall": 0.3888888888888889,
    "f1-score": 0.4666666666666666,
    "support": 36,
    "confused_with": {
      "contact_doctor": 22
    }
  },
  "accuracy": 0.5076923076923077,
  "macro avg": {
    "precision": 0.5233739837398375,
    "recall": 0.5220306513409961,
    "f1-score": 0.5047619047619047,
    "support": 65
  },
  "weighted avg": {
    "precision": 0.5298311444652908,
    "recall": 0.5076923076923077,
    "f1-score": 0.5006593406593407,
    "support": 65
  },
  "micro avg": {
    "precision": 0.5076923076923077,
    "recall": 0.5076923076923077,
    "f1-score": 0.5076923076923077,
    "support": 65
  }
}