{
  "contact_doctor": {
    "precision": 0.42857142857142855,
    "recall": 0.6774193548387096,
    "f1-score": 0.525,
    "support": 31,
    "confused_with": {
      "contact_service": 10
    }
  },
  "contact_service": {
    "precision": 0.6296296296296297,
    "recall": 0.37777777777777777,
    "f1-score": 0.47222222222222215,
    "support": 45,
    "confused_with": {
      "contact_doctor": 28
    }
  },
  "accuracy": 0.5,
  "macro avg": {
    "precision": 0.5291005291005291,
    "recall": 0.5275985663082436,
    "f1-score": 0.4986111111111111,
    "support": 76
  },
  "weighted avg": {
    "precision": 0.5476190476190477,
    "recall": 0.5,
    "f1-score": 0.49374999999999997,
    "support": 76
  },
  "micro avg": {
    "precision": 0.5,
    "recall": 0.5,
    "f1-score": 0.5,
    "support": 76
  }
}