{
  "service": {
    "precision": 0.5603448275862069,
    "recall": 0.9558823529411765,
    "f1-score": 0.7065217391304347,
    "support": 68,
    "confused_with": {}
  },
  "doctor": {
    "precision": 0.7948717948717948,
    "recall": 0.7560975609756098,
    "f1-score": 0.7749999999999999,
    "support": 41,
    "confused_with": {
      "service": 2
    }
  },
  "micro avg": {
    "precision": 0.6193548387096774,
    "recall": 0.8807339449541285,
    "f1-score": 0.7272727272727274,
    "support": 109
  },
  "macro avg": {
    "precision": 0.6776083112290008,
    "recall": 0.8559899569583931,
    "f1-score": 0.7407608695652173,
    "support": 109
  },
  "weighted avg": {
    "precision": 0.6485613932624372,
    "recall": 0.8807339449541285,
    "f1-score": 0.7322796170721978,
    "support": 109
  },
  "accuracy": 0.8958333333333334
}