{
  "service": {
    "precision": 1.0,
    "recall": 0.11538461538461539,
    "f1-score": 0.20689655172413793,
    "support": 26,
    "confused_with": {
      "service.target": 10
    }
  },
  "doctor": {
    "precision": 0.08333333333333333,
    "recall": 0.16666666666666666,
    "f1-score": 0.1111111111111111,
    "support": 6,
    "confused_with": {
      "doctor.target": 2
    }
  },
  "doctor.target": {
    "precision": 0.8846153846153846,
    "recall": 0.6052631578947368,
    "f1-score": 0.71875,
    "support": 38,
    "confused_with": {
      "doctor": 10
    }
  },
  "service.target": {
    "precision": 0.6764705882352942,
    "recall": 0.48936170212765956,
    "f1-score": 0.5679012345679013,
    "support": 47,
    "confused_with": {}
  },
  "micro avg": {
    "precision": 0.6666666666666666,
    "recall": 0.42735042735042733,
    "f1-score": 0.5208333333333333,
    "support": 117
  },
  "macro avg": {
    "precision": 0.661104826546003,
    "recall": 0.3441690355184196,
    "f1-score": 0.4011647243507876,
    "support": 117
  },
  "weighted avg": {
    "precision": 0.7855513013884055,
    "recall": 0.42735042735042733,
    "f1-score": 0.5132464533007317,
    "support": 117
  },
  "accuracy": 0.9115384615384615
}