{"service": {"spacy": {"rank": {"mean": 1.56, "min": 0.0, "max": 24.0, "values": [0, 0, 0, 0, 0, 0, 0, 0, 0, 0, 0, 0, 0, 0, 0, 0, 2, 0, 0, 0, 0, 0, 0, 1, 1, 1, 1, 1, 0, 10, 0, 0, 2, 2, 2, 0, 3, 0, 0, 0, 0, 0, 0, 24, 0, 1, 12, 1, 0, 14]}, "ratio": {"mean": 0.8083542593443518, "min": 0.28306638931011135, "max": 1.0000000184820668, "values": [1.0, 0.7209733534913763, 1.0, 1.0, 0.58597014463823, 0.6565598787162411, 0.7357566981722313, 0.7357566981722313, 0.7357566981722313, 0.7357566981722313, 1.0, 1.0, 0.7357566981722313, 1.0, 1.0, 1.0, 0.6902349480613724, 0.8912853480756844, 0.8594466105924337, 1.0, 1.0, 1.0, 1.0, 0.5854860256439649, 0.5854860256439649, 0.5854860256439649, 0.5854860256439649, 0.5854860256439649, 1.0, 0.4704746369932905, 1.0000000184820668, 1.0, 0.5411141571443381, 0.5411141571443381, 0.5411141571443381, 1.0, 0.6390670485388846, 1.0, 1.0, 1.0, 0.9287074118812374, 1.0, 1.0, 0.30330013262131605, 1.0, 1.0, 0.3921761923934126, 0.7668947629079386, 1.0, 0.28306638931011135]}, "not_found": 17}, "lev": {"rank": {"mean": 0.037037037037037035, "min": 0.0, "max": 2.0, "values": [0, 0, 0, 0, 0, 0, 0, 0, 0, 0, 0, 0, 0, 0, 0, 0, 0, 0, 0, 0, 0, 0, 0, 0, 0, 0, 0, 0, 0, 0, 0, 0, 0, 0, 0, 0, 0, 0, 0, 0, 0, 0, 0, 0, 0, 0, 0, 2, 0, 0, 0, 0, 0, 0]}, "ratio": {"mean": 0.908377152735757, "min": 0.5, "max": 1.0, "values": [1.0, 0.9743589743589743, 1.0, 1.0, 0.7894736842105263, 0.9473684210526316, 0.9333333333333333, 0.8571428571428572, 0.9333333333333333, 0.9333333333333333, 0.9333333333333333, 1.0, 1.0, 0.9333333333333333, 1.0, 0.9230769230769231, 1.0, 1.0, 0.962962962962963, 0.625, 0.5161290322580645, 0.9565217391304348, 1.0, 1.0, 1.0, 1.0, 0.7619047619047619, 0.6666666666666667, 0.7619047619047619, 0.7619047619047619, 0.9285714285714286, 0.7619047619047619, 1.0, 0.9090909090909091, 0.8181818181818181, 1.0, 0.9411764705882353, 0.9411764705882353, 0.9411764705882353, 1.0, 0.9090909090909091, 1.0, 1.0, 1.0, 0.975609756097561, 1.0, 1.0, 0.6206896551724138, 1.0, 1.0, 0.9166666666666666, 0.717948717948718, 1.0, 0.5]}, "not_found": 13}, "jaro": {"rank": {"mean": 0.24074074074074073, "min": 0.0, "max": 8.0, "values": [0, 0, 0, 0, 0, 0, 0, 0, 0, 0, 0, 0, 0, 0, 0, 0, 0, 0, 0, 3, 8, 0, 0, 0, 0, 0, 0, 0, 0, 0, 0, 0, 0, 0, 0, 0, 0, 0, 0, 0, 0, 0, 0, 0, 0, 0, 0, 2, 0, 0, 0, 0, 0, 0]}, "ratio": {"mean": 0.937716174280184, "min": 0.5557960557960558, "max": 1.0, "values": [1.0, 0.9833333333333334, 1.0, 1.0, 0.7944444444444446, 0.9666666666666667, 0.9583333333333334, 0.9047619047619048, 0.9583333333333334, 0.9583333333333334, 0.9583333333333334, 1.0, 1.0, 0.9583333333333334, 1.0, 0.9523809523809524, 1.0, 1.0, 0.9761904761904763, 0.6848484848484849, 0.5557960557960558, 0.9722222222222222, 1.0, 1.0, 1.0, 1.0, 0.8717948717948718, 0.7568681318681318, 0.8717948717948718, 0.8717948717948718, 0.9555555555555556, 0.8717948717948718, 1.0, 0.9444444444444445, 0.8462962962962962, 1.0, 0.9629629629629629, 0.9629629629629629, 0.9629629629629629, 1.0, 0.9444444444444445, 1.0, 1.0, 1.0, 0.9841269841269842, 1.0, 1.0, 0.8166666666666668, 1.0, 1.0, 0.9444444444444443, 0.7076690821256039, 1.0, 0.7777777777777777]}, "not_found": 13}, "jaro_winkler": {"rank": {"mean": 0.25925925925925924, "min": 0.0, "max": 8.0, "values": [0, 0, 0, 0, 0, 0, 0, 0, 0, 0, 0, 0, 0, 0, 0, 0, 0, 0, 0, 3, 8, 0, 0, 0, 0, 0, 0, 0, 0, 0, 0, 0, 0, 0, 0, 0, 0, 0, 0, 0, 0, 0, 0, 0, 0, 0, 0, 2, 0, 0, 0, 1, 0, 0]}, "ratio": {"mean": 0.9537625798636268, "min": 0.5557960557960558, "max": 1.0, "values": [1.0, 0.99, 1.0, 1.0, 0.8766666666666668, 0.98, 0.975, 0.9333333333333333, 0.975, 0.975, 0.975, 1.0, 1.0, 0.975, 1.0, 0.9714285714285714, 1.0, 1.0, 0.9857142857142858, 0.6848484848484849, 0.5557960557960558, 0.9833333333333333, 1.0, 1.0, 1.0, 1.0, 0.9230769230769231, 0.8054945054945055, 0.9230769230769231, 0.9230769230769231, 0.9733333333333334, 0.9230769230769231, 1.0, 0.9666666666666667, 0.9077777777777777, 1.0, 0.9777777777777777, 0.9777777777777777, 0.9777777777777777, 1.0, 0.9666666666666667, 1.0, 1.0, 1.0, 0.9904761904761905, 1.0, 1.0, 0.89, 1.0, 1.0, 0.9666666666666666, 0.7076690821256039, 1.0, 0.8666666666666666]}, "not_found": 13}}, "doctor": {"spacy": {"rank": {"mean": 0.6666666666666666, "min": 0.0, "max": 20.0, "values": [0, 0, 0, 0, 0, 0, 0, 0, 0, 0, 0, 0, 0, 0, 0, 0, 0, 0, 0, 0, 0, 0, 0, 0, 0, 0, 0, 0, 1, 1, 20, 0, 0]}, "ratio": {"mean": 0.8049024923319507, "min": 0.0, "max": 1.0, "values": [0.590941764526526, 0.6398764415456175, 0.6398764415456175, 0.7914241631983652, 0.7914241631983652, 0.7914241631983652, 0.7914241631983652, 0.7914241631983652, 0.802120207460655, 1.0, 0.802120207460655, 0.802120207460655, 1.0, 0.802120207460655, 0.802120207460655, 0.802120207460655, 0.802120207460655, 0.9999999819425333, 0.9999999819425333, 0.802120207460655, 0.802120207460655, 0.802120207460655, 1.0, 1.0, 0.9999999849038099, 0.9999999849038099, 0.9999999849038099, 0.8126369941920321, 0.7695899040007518, 0.7695899040007518, 0.0, 0.7626129857611019, 0.5983350021870999]}, "not_found": 38}, "lev": {"rank": {"mean": 0.38181818181818183, "min": 0.0, "max": 1.0, "values": [0, 0, 0, 0, 0, 0, 1, 1, 0, 0, 1, 1, 1, 1, 1, 0, 0, 0, 0, 1, 0, 1, 1, 0, 1, 1, 1, 1, 0, 0, 1, 1, 1, 0, 0, 0, 0, 0, 0, 0, 0, 0, 0, 0, 1, 1, 0, 0, 1, 1, 0, 0, 0, 0, 0]}, "ratio": {"mean": 0.6184084780426446, "min": 0.5, "max": 1.0, "values": [0.7333333333333334, 0.7333333333333334, 0.5263157894736843, 0.5263157894736843, 0.5263157894736843, 0.6, 0.5833333333333333, 0.5833333333333333, 0.5714285714285714, 0.5714285714285714, 0.631578947368421, 0.631578947368421, 0.631578947368421, 0.631578947368421, 0.631578947368421, 0.7619047619047619, 0.7619047619047619, 0.6956521739130435, 0.6956521739130435, 0.5263157894736843, 1.0, 0.5263157894736843, 0.5263157894736843, 1.0, 0.5263157894736843, 0.5263157894736843, 0.5263157894736843, 0.5263157894736843, 0.5517241379310345, 0.5517241379310345, 0.5263157894736843, 0.5263157894736843, 0.5263157894736843, 1.0, 1.0, 0.5641025641025641, 0.5641025641025641, 0.5641025641025641, 0.6896551724137931, 0.631578947368421, 0.5555555555555556, 0.5555555555555556, 0.5, 0.5, 0.5, 0.5, 0.782608695652174, 0.5454545454545454, 0.5517241379310345, 0.5625, 0.6666666666666667, 0.5806451612903225, 0.625, 0.64, 0.5384615384615384]}, "not_found": 16}, "jaro": {"rank": {"mean": 0.2, "min": 0.0, "max": 9.0, "values": [0, 0, 0, 0, 0, 0, 0, 0, 0, 0, 0, 0, 0, 0, 0, 0, 0, 0, 0, 0, 0, 0, 0, 0, 0, 0, 0, 0, 0, 0, 0, 0, 0, 0, 0, 0, 0, 0, 0, 9, 0, 0, 0, 0, 1, 1, 0, 0, 0, 0, 0, 0, 0, 0, 0]}, "ratio": {"mean": 0.8104166946926585, "min": 0.49572649572649574, "max": 1.0, "values": [0.8596491228070176, 0.8596491228070176, 0.7857142857142857, 0.7857142857142857, 0.7857142857142857, 0.8095238095238096, 0.8039215686274509, 0.8039215686274509, 0.7999999999999999, 0.7999999999999999, 0.8205128205128206, 0.8205128205128206, 0.8205128205128206, 0.8205128205128206, 0.8205128205128206, 0.8717948717948718, 0.8717948717948718, 0.8444444444444444, 0.8444444444444444, 0.7857142857142857, 1.0, 0.7857142857142857, 0.7857142857142857, 1.0, 0.7857142857142857, 0.7857142857142857, 0.7857142857142857, 0.7857142857142857, 0.8035409035409037, 0.8035409035409037, 0.7857142857142857, 0.7857142857142857, 0.7857142857142857, 1.0, 1.0, 0.7580495356037152, 0.7580495356037152, 0.7580495356037152, 0.8421052631578947, 0.49572649572649574, 0.7948717948717948, 0.7948717948717948, 0.7777777777777777, 0.7777777777777777, 0.7777777777777777, 0.7777777777777777, 0.8809523809523809, 0.7746031746031746, 0.7936507936507936, 0.7489177489177489, 0.8333333333333334, 0.7392094017094016, 0.8181818181818182, 0.823529411764706, 0.7546296296296297]}, "not_found": 16}, "jaro_winkler": {"rank": {"mean": 0.2, "min": 0.0, "max": 9.0, "values": [0, 0, 0, 0, 0, 0, 0, 0, 0, 0, 0, 0, 0, 0, 0, 0, 0, 0, 0, 0, 0, 0, 0, 0, 0, 0, 0, 0, 0, 0, 0, 0, 0, 0, 0, 0, 0, 0, 0, 9, 0, 0, 0, 0, 1, 1, 0, 0, 0, 0, 0, 0, 0, 0, 0]}, "ratio": {"mean": 0.8715311536979142, "min": 0.49572649572649574, "max": 1.0,