{
  "service.target": {
    "precision": 0.611764705882353,
    "recall": 0.5652173913043478,
    "f1-score": 0.5875706214689267,
    "support": 92,
    "confused_with": {
      "doctor.target": 4
    }
  },
  "doctor.target": {
    "precision": 0.6235294117647059,
    "recall": 0.5955056179775281,
    "f1-score": 0.6091954022988506,
    "support": 89,
    "confused_with": {
      "doctor": 30
    }
  },
  "doctor": {
    "precision": 0.09090909090909091,
    "recall": 0.28,
    "f1-score": 0.13725490196078433,
    "support": 25,
    "confused_with": {
      "doctor.target": 17
    }
  },
  "service": {
    "precision": 0.6,
    "recall": 0.13333333333333333,
    "f1-score": 0.2181818181818182,
    "support": 45,
    "confused_with": {
      "service.target": 26
    }
  },
  "micro avg": {
    "precision": 0.4591439688715953,
    "recall": 0.4701195219123506,
    "f1-score": 0.4645669291338583,
    "support": 251
  },
  "macro avg": {
    "precision": 0.48155080213903745,
    "recall": 0.3935140856538023,
    "f1-score": 0.38805068597759496,
    "support": 251
  },
  "weighted avg": {
    "precision": 0.5619489954620023,
    "recall": 0.4701195219123506,
    "f1-score": 0.4841611248882087,
    "support": 251
  },
  "accuracy": 0.8939478067740144
}