{
  "contact_doctor": {
    "precision": 0.5227272727272727,
    "recall": 0.5897435897435898,
    "f1-score": 0.5542168674698795,
    "support": 78,
    "confused_with": {
      "contact_service": 25,
      "out_of_scope": 7
    }
  },
  "contact_service": {
    "precision": 0.5245901639344263,
    "recall": 0.463768115942029,
    "f1-score": 0.49230769230769234,
    "support": 69,
    "confused_with": {
      "contact_doctor": 25,
      "out_of_scope": 12
    }
  },
  "out_of_scope": {
    "precision": 0.5365853658536586,
    "recall": 0.5116279069767442,
    "f1-score": 0.5238095238095238,
    "support": 43,
    "confused_with": {
      "contact_doctor": 17,
      "contact_service": 4
    }
  },
  "accuracy": 0.5263157894736842,
  "macro avg": {
    "precision": 0.5279676008384525,
    "recall": 0.5217132042207876,
    "f1-score": 0.523444694529032,
    "support": 190
  },
  "weighted avg": {
    "precision": 0.5265401016626843,
    "recall": 0.5263157894736842,
    "f1-score": 0.5248523997667942,
    "support": 190
  },
  "micro avg": {
    "precision": 0.5263157894736842,
    "recall": 0.5263157894736842,
    "f1-score": 0.5263157894736842,
    "support": 190
  }
}