{
  "doctor": {
    "precision": 1.0,
    "recall": 1.0,
    "f1-score": 1.0,
    "support": 629,
    "confused_with": {}
  },
  "doctor.target": {
    "precision": 0.9960732984293194,
    "recall": 1.0,
    "f1-score": 0.9980327868852459,
    "support": 761,
    "confused_with": {}
  },
  "service.target": {
    "precision": 0.997275204359673,
    "recall": 0.9986357435197817,
    "f1-score": 0.9979550102249488,
    "support": 733,
    "confused_with": {
      "service": 1
    }
  },
  "service": {
    "precision": 0.9752066115702479,
    "recall": 0.9915966386554622,
    "f1-score": 0.9833333333333334,
    "support": 119,
    "confused_with": {
      "service.target": 1
    }
  },
  "micro avg": {
    "precision": 0.99644128113879,
    "recall": 0.9991079393398751,
    "f1-score": 0.997772828507795,
    "support": 2242
  },
  "macro avg": {
    "precision": 0.99213877858981,
    "recall": 0.997558095543811,
    "f1-score": 0.994830282610882,
    "support": 2242
  },
  "weighted avg": {
    "precision": 0.9964603441914415,
    "recall": 0.9991079393398751,
    "f1-score": 0.9977790544073266,
    "support": 2242
  },
  "accuracy": 0.9995118081405993
}