{
  "contact_service": {
    "precision": 0.6805555555555556,
    "recall": 0.7101449275362319,
    "f1-score": 0.6950354609929078,
    "support": 69,
    "confused_with": {
      "out_of_scope": 12,
      "contact_doctor": 8
    }
  },
  "out_of_scope": {
    "precision": 0.6052631578947368,
    "recall": 0.5348837209302325,
    "f1-score": 0.5679012345679012,
    "support": 43,
    "confused_with": {
      "contact_doctor": 13,
      "contact_service": 7
    }
  },
  "contact_doctor": {
    "precision": 0.7375,
    "recall": 0.7564102564102564,
    "f1-score": 0.7468354430379747,
    "support": 78,
    "confused_with": {
      "contact_service": 16,
      "out_of_scope": 3
    }
  },
  "accuracy": 0.6894736842105263,
  "macro avg": {
    "precision": 0.6744395711500974,
    "recall": 0.6671463016255736,
    "f1-score": 0.6699240461995947,
    "support": 190
  },
  "weighted avg": {
    "precision": 0.686892890120037,
    "recall": 0.6894736842105263,
    "f1-score": 0.6875282339573284,
    "support": 190
  },
  "micro avg": {
    "precision": 0.6894736842105263,
    "recall": 0.6894736842105263,
    "f1-score": 0.6894736842105263,
    "support": 190
  }
}