{
  "contact_service": {
    "precision": 0.4878048780487805,
    "recall": 0.2898550724637681,
    "f1-score": 0.3636363636363637,
    "support": 69,
    "confused_with": {
      "out_of_scope": 44,
      "contact_doctor": 5
    }
  },
  "out_of_scope": {
    "precision": 0.34210526315789475,
    "recall": 0.9069767441860465,
    "f1-score": 0.4968152866242038,
    "support": 43,
    "confused_with": {
      "contact_service": 2,
      "contact_doctor": 2
    }
  },
  "contact_doctor": {
    "precision": 0.8,
    "recall": 0.358974358974359,
    "f1-score": 0.49557522123893805,
    "support": 78,
    "confused_with": {
      "out_of_scope": 31,
      "contact_service": 19
    }
  },
  "accuracy": 0.45789473684210524,
  "macro avg": {
    "precision": 0.543303380402225,
    "recall": 0.5186020585413912,
    "f1-score": 0.4520089571665018,
    "support": 190
  },
  "weighted avg": {
    "precision": 0.5829950679008176,
    "recall": 0.45789473684210524,
    "f1-score": 0.44794122985466855,
    "support": 190
  },
  "micro avg": {
    "precision": 0.45789473684210524,
    "recall": 0.45789473684210524,
    "f1-score": 0.45789473684210524,
    "support": 190
  }
}