{
  "contact_service": {
    "precision": 0.998003992015968,
    "recall": 1.0,
    "f1-score": 0.9990009990009989,
    "support": 500,
    "confused_with": {}
  },
  "contact_doctor": {
    "precision": 0.9881188118811881,
    "recall": 0.998,
    "f1-score": 0.9930348258706467,
    "support": 500,
    "confused_with": {
      "contact_service": 1
    }
  },
  "out_of_scope": {
    "precision": 1.0,
    "recall": 0.88,
    "f1-score": 0.9361702127659575,
    "support": 50,
    "confused_with": {
      "contact_doctor": 6
    }
  },
  "accuracy": 0.9933333333333333,
  "macro avg": {
    "precision": 0.9953742679657186,
    "recall": 0.9593333333333334,
    "f1-score": 0.9760686792125344,
    "support": 1050
  },
  "weighted avg": {
    "precision": 0.9933918113795982,
    "recall": 0.9933333333333333,
    "f1-score": 0.9931680219753529,
    "support": 1050
  },
  "micro avg": {
    "precision": 0.9933333333333333,
    "recall": 0.9933333333333333,
    "f1-score": 0.9933333333333333,
    "support": 1050
  }
}