{
  "contact_doctor": {
    "precision": 0.6219512195121951,
    "recall": 0.6538461538461539,
    "f1-score": 0.6375,
    "support": 78,
    "confused_with": {
      "contact_service": 21,
      "out_of_scope": 6
    }
  },
  "contact_service": {
    "precision": 0.47058823529411764,
    "recall": 0.34782608695652173,
    "f1-score": 0.39999999999999997,
    "support": 69,
    "confused_with": {
      "out_of_scope": 24,
      "contact_doctor": 21
    }
  },
  "out_of_scope": {
    "precision": 0.47368421052631576,
    "recall": 0.627906976744186,
    "f1-score": 0.5399999999999999,
    "support": 43,
    "confused_with": {
      "contact_doctor": 10,
      "contact_service": 6
    }
  },
  "accuracy": 0.5368421052631579,
  "macro avg": {
    "precision": 0.5220745551108762,
    "recall": 0.5431930725156205,
    "f1-score": 0.5258333333333333,
    "support": 190
  },
  "weighted avg": {
    "precision": 0.5334273916309311,
    "recall": 0.5368421052631579,
    "f1-score": 0.5291842105263157,
    "support": 190
  },
  "micro avg": {
    "precision": 0.5368421052631579,
    "recall": 0.5368421052631579,
    "f1-score": 0.5368421052631579,
    "support": 190
  }
}