{
  "contact_doctor": {
    "precision": 0.9940357852882704,
    "recall": 1.0,
    "f1-score": 0.9970089730807578,
    "support": 500,
    "confused_with": {}
  },
  "contact_service": {
    "precision": 1.0,
    "recall": 0.998,
    "f1-score": 0.998998998998999,
    "support": 500,
    "confused_with": {
      "contact_doctor": 1
    }
  },
  "out_of_scope": {
    "precision": 1.0,
    "recall": 0.96,
    "f1-score": 0.9795918367346939,
    "support": 50,
    "confused_with": {
      "contact_doctor": 2
    }
  },
  "accuracy": 0.9971428571428571,
  "macro avg": {
    "precision": 0.9980119284294234,
    "recall": 0.9860000000000001,
    "f1-score": 0.9918666029381503,
    "support": 1050
  },
  "weighted avg": {
    "precision": 0.9971598977563192,
    "recall": 0.9971428571428571,
    "f1-score": 0.9971272170253458,
    "support": 1050
  },
  "micro avg": {
    "precision": 0.9971428571428571,
    "recall": 0.9971428571428571,
    "f1-score": 0.9971428571428571,
    "support": 1050
  }
}